{"cameraMode":{"drawMode":0,"name":"Shaded","section":"Shading Mode"},"sceneLighting":true,"audioPlay":false,"sceneViewState":{"m_AlwaysRefresh":false,"showFog":true,"showSkybox":true,"showFlares":true,"showImageEffects":true,"showParticleSystems":true,"showVisualEffectGraphs":true,"m_FxEnabled":true},"in2DMode":false,"pivot":{"x":-7.122889995574951,"y":5.250402450561523,"z":91.41764068603516},"rotation":{"x":0.027306117117404939,"y":-0.004502363968640566,"z":0.00016487851098645478,"w":0.9996392726898193},"size":34.05232620239258,"orthographic":false}